Run,TID,Flops,Bytes,FPINS,Intops,INTINS
cg.W.x_A64FX,1217,2114130801,21362903865,159135811,1467998819,711596006
cg.W.x_A64FX,1213,2104238654,21270089066,158145544,1458406844,706107026
cg.W.x_A64FX,1214,2103985880,21324745407,158165458,1464352201,712294567
cg.W.x_A64FX,1218,2124503297,21502888084,159920603,1474206518,712731288
cg.W.x_A64FX,1219,2108227283,21329750608,158990205,1469236646,715044263
cg.W.x_A64FX,1221,2107924892,21328141362,159169958,1470645969,716437303
cg.W.x_A64FX,1212,2114322472,21388126362,158689234,1462145647,705018245
cg.W.x_A64FX,1211,2127561468,21513743585,159273926,1467935729,706091034
cg.W.x_A64FX,1215,2114899264,21396395277,159034834,1468438520,711208822
cg.W.x_A64FX,1220,2112553252,21368628573,159304894,1472511974,716519131
cg.W.x_A64FX,1216,2112106776,21347833861,158953418,1465364441,709558255
cg.W.x_A64FX,1210,2118361981,21488929180,158702532,1465305485,707484341
cg.B.x_A64FX_32,1237,2113311473,21467382193,159030047,1476609530,719742586
cg.B.x_A64FX_32,1255,2110490003,21443781469,161508209,1493174029,737172715
cg.B.x_A64FX_32,1264,2121167818,21603425862,163538896,1508727034,747407497
cg.B.x_A64FX_32,1243,2108654926,21369435632,159603972,1475563824,720720066
cg.B.x_A64FX_32,1238,2117515750,21475110929,159428548,1477484705,718648264
cg.B.x_A64FX_32,1260,2106464546,21469308226,162049136,1503377420,748798640
cg.B.x_A64FX_32,1259,2129693698,21713015238,163364448,1513836066,748938278
cg.B.x_A64FX_32,1251,2100829411,21338227348,160370105,1484322803,732283853
cg.B.x_A64FX_32,1248,2111037025,21460266629,160500119,1489312820,733263025
cg.B.x_A64FX_32,1242,2101057918,21280480157,158954580,1470618612,719091535
cg.B.x_A64FX_32,1245,2102187512,21401349607,159495326,1485778010,733678904
cg.B.x_A64FX_32,1234,2117804193,21469758573,158849527,1474216668,715591169
cg.B.x_A64FX_32,1240,2128109765,21553528315,160379683,1480356972,717417473
cg.B.x_A64FX_32,1235,2113092002,21418827007,158745368,1472261698,715356044
cg.B.x_A64FX_32,1254,2104090312,21375773853,161000950,1488443550,734956949
cg.B.x_A64FX_32,1257,2124635501,21688255147,162803627,1511354334,748255058
cg.B.x_A64FX_32,1250,2113037264,21470199907,160947222,1491778988,734924948
cg.B.x_A64FX_32,1239,2126750769,21550574803,160222095,1479856527,716706009
cg.B.x_A64FX_32,1244,2113795805,21407952690,160101251,1477050362,719941407
cg.B.x_A64FX_32,1246,2112787716,21463340617,160316306,1489207710,732707684
cg.B.x_A64FX_32,1262,2116973963,21588003779,162992737,1510772491,751365790
cg.B.x_A64FX_32,1241,2083863740,21172529753,157773906,1466987710,722934767
cg.B.x_A64FX_32,1258,2120469947,21620523604,162611809,1510419158,749730857
cg.B.x_A64FX_32,1252,2118381462,21526185153,161543092,1493888508,734442659
cg.B.x_A64FX_32,1263,2117573194,21588934722,163127608,1509042767,749322720
cg.B.x_A64FX_32,1236,2118522820,21480595537,159236186,1475431081,716225215
cg.B.x_A64FX_32,1249,2117582751,21611195732,161090181,1497263442,738065339
cg.B.x_A64FX_32,1253,2133021358,21693759334,162655292,1502574049,736822413
cg.B.x_A64FX_32,1261,2105833632,21519428979,162145390,1506793173,752255210
cg.B.x_A64FX_32,1247,2107670278,21419616938,160170484,1487037798,732464391
cg.B.x_A64FX_32,1256,2109483295,21431820132,161615965,1492315900,736664504
cg.B.x_A64FX_32,1233,2107982257,21466755319,158120044,1475319490,721201616
cg.B.x_LARC_C,1237,2113311473,21467382193,159030047,1476609530,719742586
cg.B.x_LARC_C,1255,2110490003,21443781469,161508209,1493174029,737172715
cg.B.x_LARC_C,1264,2121167818,21603425862,163538896,1508727034,747407497
cg.B.x_LARC_C,1243,2108654926,21369435632,159603972,1475563824,720720066
cg.B.x_LARC_C,1238,2117515750,21475110929,159428548,1477484705,718648264
cg.B.x_LARC_C,1260,2106464546,21469308226,162049136,1503377420,748798640
cg.B.x_LARC_C,1259,2129693698,21713015238,163364448,1513836066,748938278
cg.B.x_LARC_C,1251,2100829411,21338227348,160370105,1484322803,732283853
cg.B.x_LARC_C,1248,2111037025,21460266629,160500119,1489312820,733263025
cg.B.x_LARC_C,1242,2101057918,21280480157,158954580,1470618612,719091535
cg.B.x_LARC_C,1245,2102187512,21401349607,159495326,1485778010,733678904
cg.B.x_LARC_C,1234,2117804193,21469758573,158849527,1474216668,715591169
cg.B.x_LARC_C,1240,2128109765,21553528315,160379683,1480356972,717417473
cg.B.x_LARC_C,1235,2113092002,21418827007,158745368,1472261698,715356044
cg.B.x_LARC_C,1254,2104090312,21375773853,161000950,1488443550,734956949
cg.B.x_LARC_C,1257,2124635501,21688255147,162803627,1511354334,748255058
cg.B.x_LARC_C,1250,2113037264,21470199907,160947222,1491778988,734924948
cg.B.x_LARC_C,1239,2126750769,21550574803,160222095,1479856527,716706009
cg.B.x_LARC_C,1244,2113795805,21407952690,160101251,1477050362,719941407
cg.B.x_LARC_C,1246,2112787716,21463340617,160316306,1489207710,732707684
cg.B.x_LARC_C,1262,2116973963,21588003779,162992737,1510772491,751365790
cg.B.x_LARC_C,1241,2083863740,21172529753,157773906,1466987710,722934767
cg.B.x_LARC_C,1258,2120469947,21620523604,162611809,1510419158,749730857
cg.B.x_LARC_C,1252,2118381462,21526185153,161543092,1493888508,734442659
cg.B.x_LARC_C,1263,2117573194,21588934722,163127608,1509042767,749322720
cg.B.x_LARC_C,1236,2118522820,21480595537,159236186,1475431081,716225215
cg.B.x_LARC_C,1249,2117582751,21611195732,161090181,1497263442,738065339
cg.B.x_LARC_C,1253,2133021358,21693759334,162655292,1502574049,736822413
cg.B.x_LARC_C,1261,2105833632,21519428979,162145390,1506793173,752255210
cg.B.x_LARC_C,1247,2107670278,21419616938,160170484,1487037798,732464391
cg.B.x_LARC_C,1256,2109483295,21431820132,161615965,1492315900,736664504
cg.B.x_LARC_C,1233,2107982257,21466755319,158120044,1475319490,721201616
cg.B.x_LARC_A,1237,2113311473,21467382193,159030047,1476609530,719742586
cg.B.x_LARC_A,1255,2110490003,21443781469,161508209,1493174029,737172715
cg.B.x_LARC_A,1264,2121167818,21603425862,163538896,1508727034,747407497
cg.B.x_LARC_A,1243,2108654926,21369435632,159603972,1475563824,720720066
cg.B.x_LARC_A,1238,2117515750,21475110929,159428548,1477484705,718648264
cg.B.x_LARC_A,1260,2106464546,21469308226,162049136,1503377420,748798640
cg.B.x_LARC_A,1259,2129693698,21713015238,163364448,1513836066,748938278
cg.B.x_LARC_A,1251,2100829411,21338227348,160370105,1484322803,732283853
cg.B.x_LARC_A,1248,2111037025,21460266629,160500119,1489312820,733263025
cg.B.x_LARC_A,1242,2101057918,21280480157,158954580,1470618612,719091535
cg.B.x_LARC_A,1245,2102187512,21401349607,159495326,1485778010,733678904
cg.B.x_LARC_A,1234,2117804193,21469758573,158849527,1474216668,715591169
cg.B.x_LARC_A,1240,2128109765,21553528315,160379683,1480356972,717417473
cg.B.x_LARC_A,1235,2113092002,21418827007,158745368,1472261698,715356044
cg.B.x_LARC_A,1254,2104090312,21375773853,161000950,1488443550,734956949
cg.B.x_LARC_A,1257,2124635501,21688255147,162803627,1511354334,748255058
cg.B.x_LARC_A,1250,2113037264,21470199907,160947222,1491778988,734924948
cg.B.x_LARC_A,1239,2126750769,21550574803,160222095,1479856527,716706009
cg.B.x_LARC_A,1244,2113795805,21407952690,160101251,1477050362,719941407
cg.B.x_LARC_A,1246,2112787716,21463340617,160316306,1489207710,732707684
cg.B.x_LARC_A,1262,2116973963,21588003779,162992737,1510772491,751365790
cg.B.x_LARC_A,1241,2083863740,21172529753,157773906,1466987710,722934767
cg.B.x_LARC_A,1258,2120469947,21620523604,162611809,1510419158,749730857
cg.B.x_LARC_A,1252,2118381462,21526185153,161543092,1493888508,734442659
cg.B.x_LARC_A,1263,2117573194,21588934722,163127608,1509042767,749322720
cg.B.x_LARC_A,1236,2118522820,21480595537,159236186,1475431081,716225215
cg.B.x_LARC_A,1249,2117582751,21611195732,161090181,1497263442,738065339
cg.B.x_LARC_A,1253,2133021358,21693759334,162655292,1502574049,736822413
cg.B.x_LARC_A,1261,2105833632,21519428979,162145390,1506793173,752255210
cg.B.x_LARC_A,1247,2107670278,21419616938,160170484,1487037798,732464391
cg.B.x_LARC_A,1256,2109483295,21431820132,161615965,1492315900,736664504
cg.B.x_LARC_A,1233,2107982257,21466755319,158120044,1475319490,721201616
ft.B.x_LARC_A,1320,2971666664,26459756271,300941612,1908610327,1836960126
ft.B.x_LARC_A,1307,2971666664,26460325321,300941612,1908699057,1837052102
ft.B.x_LARC_A,1332,2971666664,26465931177,300941612,1909593060,1837944877
ft.B.x_LARC_A,1329,2971666664,26473267317,300941612,1910232606,1838579404
ft.B.x_LARC_A,1310,2971666664,26455056447,300941612,1907857699,1836211833
ft.B.x_LARC_A,1313,2971666664,26461458847,300941612,1908408744,1836757920
ft.B.x_LARC_A,1324,2971666664,26461319790,300941612,1908858975,1837208404
ft.B.x_LARC_A,1319,2971666664,26463940721,300941612,1909275414,1837627648
ft.B.x_LARC_A,1316,2971666664,26460664140,300941612,1908754325,1837103776
ft.B.x_LARC_A,1314,2971666664,26457315708,300941612,1908218015,1836571541
ft.B.x_LARC_A,1309,2971666664,26464350321,300941612,1908704605,1837056856
ft.B.x_LARC_A,1321,2971666664,26469125483,300941612,1909193038,1837540648
ft.B.x_LARC_A,1306,2971666664,26461961582,300941612,1908959128,1837311806
ft.B.x_LARC_A,1322,2971666664,26459506775,300941612,1908568347,1836921557
ft.B.x_LARC_A,1311,2971666664,26460039381,300941612,1908652380,1837005435
ft.B.x_LARC_A,1330,2971666664,26467314420,300941612,1909813810,1838165271
ft.B.x_LARC_A,1318,2971666664,26460563774,300941612,1908739205,1837088842
ft.B.x_LARC_A,1331,2971666664,26468554170,300941612,1910010599,1838361786
ft.B.x_LARC_A,1326,2971666664,26458453249,300941612,1908399457,1836752777
ft.B.x_LARC_A,1323,2971666664,26456909538,300941612,1908153696,1836507425
ft.B.x_LARC_A,1327,2971666664,26459794585,300941612,1908613281,1836966313
ft.B.x_LARC_A,1325,2971666664,26464829547,300941612,1908809385,1837157921
ft.B.x_LARC_A,1317,2971666664,26469471724,300941612,1909525943,1837873828
ft.B.x_LARC_A,1315,2971666664,26459735267,300941612,1908606259,1836955932
ft.B.x_LARC_A,1334,2971666664,26464471772,300941612,1909360094,1837712152
ft.B.x_LARC_A,1333,2971666664,26472289067,300941612,1909987021,1838337595
ft.B.x_LARC_A,1336,2971666664,26467750993,300941612,1909882433,1838233735
ft.B.x_LARC_A,1335,2971666664,26466468314,300941612,1909678020,1838029624
ft.B.x_LARC_A,1328,2971666664,26460725628,300941612,1908762304,1837115112
ft.B.x_LARC_A,1312,2971666664,26455274855,300941612,1907892396,1836246475
ft.B.x_LARC_A,1308,2971666664,26458960136,300941612,1908480629,1836833925
ft.B.x_LARC_A,1305,2971705452,26479460077,300950321,1909543469,1837810163
ft.B.x_LARC_C,1320,2971666664,26459756271,300941612,1908610327,1836960126
ft.B.x_LARC_C,1307,2971666664,26460325321,300941612,1908699057,1837052102
ft.B.x_LARC_C,1332,2971666664,26465931177,300941612,1909593060,1837944877
ft.B.x_LARC_C,1329,2971666664,26473267317,300941612,1910232606,1838579404
ft.B.x_LARC_C,1310,2971666664,26455056447,300941612,1907857699,1836211833
ft.B.x_LARC_C,1313,2971666664,26461458847,300941612,1908408744,1836757920
ft.B.x_LARC_C,1324,2971666664,26461319790,300941612,1908858975,1837208404
ft.B.x_LARC_C,1319,2971666664,26463940721,300941612,1909275414,1837627648
ft.B.x_LARC_C,1316,2971666664,26460664140,300941612,1908754325,1837103776
ft.B.x_LARC_C,1314,2971666664,26457315708,300941612,1908218015,1836571541
ft.B.x_LARC_C,1309,2971666664,26464350321,300941612,1908704605,1837056856
ft.B.x_LARC_C,1321,2971666664,26469125483,300941612,1909193038,1837540648
ft.B.x_LARC_C,1306,2971666664,26461961582,300941612,1908959128,1837311806
ft.B.x_LARC_C,1322,2971666664,26459506775,300941612,1908568347,1836921557
ft.B.x_LARC_C,1311,2971666664,26460039381,300941612,1908652380,1837005435
ft.B.x_LARC_C,1330,2971666664,26467314420,300941612,1909813810,1838165271
ft.B.x_LARC_C,1318,2971666664,26460563774,300941612,1908739205,1837088842
ft.B.x_LARC_C,1331,2971666664,26468554170,300941612,1910010599,1838361786
ft.B.x_LARC_C,1326,2971666664,26458453249,300941612,1908399457,1836752777
ft.B.x_LARC_C,1323,2971666664,26456909538,300941612,1908153696,1836507425
ft.B.x_LARC_C,1327,2971666664,26459794585,300941612,1908613281,1836966313
ft.B.x_LARC_C,1325,2971666664,26464829547,300941612,1908809385,1837157921
ft.B.x_LARC_C,1317,2971666664,26469471724,300941612,1909525943,1837873828
ft.B.x_LARC_C,1315,2971666664,26459735267,300941612,1908606259,1836955932
ft.B.x_LARC_C,1334,2971666664,26464471772,300941612,1909360094,1837712152
ft.B.x_LARC_C,1333,2971666664,26472289067,300941612,1909987021,1838337595
ft.B.x_LARC_C,1336,2971666664,26467750993,300941612,1909882433,1838233735
ft.B.x_LARC_C,1335,2971666664,26466468314,300941612,1909678020,1838029624
ft.B.x_LARC_C,1328,2971666664,26460725628,300941612,1908762304,1837115112
ft.B.x_LARC_C,1312,2971666664,26455274855,300941612,1907892396,1836246475
ft.B.x_LARC_C,1308,2971666664,26458960136,300941612,1908480629,1836833925
ft.B.x_LARC_C,1305,2971705452,26479460077,300950321,1909543469,1837810163
ft.B.x_A64FX_32,1320,2971666664,26459756271,300941612,1908610327,1836960126
ft.B.x_A64FX_32,1307,2971666664,26460325321,300941612,1908699057,1837052102
ft.B.x_A64FX_32,1332,2971666664,26465931177,300941612,1909593060,1837944877
ft.B.x_A64FX_32,1329,2971666664,26473267317,300941612,1910232606,1838579404
ft.B.x_A64FX_32,1310,2971666664,26455056447,300941612,1907857699,1836211833
ft.B.x_A64FX_32,1313,2971666664,26461458847,300941612,1908408744,1836757920
ft.B.x_A64FX_32,1324,2971666664,26461319790,300941612,1908858975,1837208404
ft.B.x_A64FX_32,1319,2971666664,26463940721,300941612,1909275414,1837627648
ft.B.x_A64FX_32,1316,2971666664,26460664140,300941612,1908754325,1837103776
ft.B.x_A64FX_32,1314,2971666664,26457315708,300941612,1908218015,1836571541
ft.B.x_A64FX_32,1309,2971666664,26464350321,300941612,1908704605,1837056856
ft.B.x_A64FX_32,1321,2971666664,26469125483,300941612,1909193038,1837540648
ft.B.x_A64FX_32,1306,2971666664,26461961582,300941612,1908959128,1837311806
ft.B.x_A64FX_32,1322,2971666664,26459506775,300941612,1908568347,1836921557
ft.B.x_A64FX_32,1311,2971666664,26460039381,300941612,1908652380,1837005435
ft.B.x_A64FX_32,1330,2971666664,26467314420,300941612,1909813810,1838165271
ft.B.x_A64FX_32,1318,2971666664,26460563774,300941612,1908739205,1837088842
ft.B.x_A64FX_32,1331,2971666664,26468554170,300941612,1910010599,1838361786
ft.B.x_A64FX_32,1326,2971666664,26458453249,300941612,1908399457,1836752777
ft.B.x_A64FX_32,1323,2971666664,26456909538,300941612,1908153696,1836507425
ft.B.x_A64FX_32,1327,2971666664,26459794585,300941612,1908613281,1836966313
ft.B.x_A64FX_32,1325,2971666664,26464829547,300941612,1908809385,1837157921
ft.B.x_A64FX_32,1317,2971666664,26469471724,300941612,1909525943,1837873828
ft.B.x_A64FX_32,1315,2971666664,26459735267,300941612,1908606259,1836955932
ft.B.x_A64FX_32,1334,2971666664,26464471772,300941612,1909360094,1837712152
ft.B.x_A64FX_32,1333,2971666664,26472289067,300941612,1909987021,1838337595
ft.B.x_A64FX_32,1336,2971666664,26467750993,300941612,1909882433,1838233735
ft.B.x_A64FX_32,1335,2971666664,26466468314,300941612,1909678020,1838029624
ft.B.x_A64FX_32,1328,2971666664,26460725628,300941612,1908762304,1837115112
ft.B.x_A64FX_32,1312,2971666664,26455274855,300941612,1907892396,1836246475
ft.B.x_A64FX_32,1308,2971666664,26458960136,300941612,1908480629,1836833925
ft.B.x_A64FX_32,1305,2971705452,26479460077,300950321,1909543469,1837810163
ft.W.x_A64FX,1294,3815829848,33309320225,386773572,2439657877,2345243664
ft.W.x_A64FX,1304,3793920304,33146641403,384346692,2429156725,2335332310
ft.W.x_A64FX,1300,3815547184,33303293935,386509380,2438275430,2344130036
ft.W.x_A64FX,1303,3793920304,33148897686,384346692,2429517032,2335692209
ft.W.x_A64FX,1298,3815547184,33303280741,386509380,2438273326,2344127959
ft.W.x_A64FX,1296,3815829848,33303431339,386773572,2438719090,2344306165
ft.W.x_A64FX,1297,3815547184,33299339325,386509380,2437270928,2343126310
ft.W.x_A64FX,1302,3793920304,33149921726,384346692,2429679616,2335854579
ft.W.x_A64FX,1299,3815547184,33301570221,386509380,2438000712,2343855662
ft.W.x_A64FX,1301,3793920304,33145989271,384346692,2428730656,2334909858
ft.W.x_A64FX,1295,3815829848,33303459122,386773572,2438723524,2344310572
ft.W.x_A64FX,1293,3815850190,33322762325,386778981,2439864914,2345367282
is.B.x_A64FX_32,1864,70255315,714294997,48235002,141995069,141990939
is.B.x_A64FX_32,1868,70255375,708991617,48235044,140636223,140632501
is.B.x_A64FX_32,1892,70255495,708309513,48235128,140913182,140909124
is.B.x_A64FX_32,1870,70255375,706098054,48235044,140439066,140435794
is.B.x_A64FX_32,1877,70255375,708522863,48235044,140334824,140330549
is.B.x_A64FX_32,1880,70255435,709471259,48235086,141379974,141376144
is.B.x_A64FX_32,1883,70255435,708346998,48235086,141066187,141062519
is.B.x_A64FX_32,1884,70255465,711154259,48235107,141469555,141465321
is.B.x_A64FX_32,1873,70255375,708008424,48235044,140814497,140810952
is.B.x_A64FX_32,1882,70255435,706776702,48235086,140369393,140365357
is.B.x_A64FX_32,1879,70255405,708232048,48235065,141080834,141077115
is.B.x_A64FX_32,1891,70255465,704562077,48235107,139806964,139802934
is.B.x_A64FX_32,1878,70255405,710779999,48235065,141727803,141723894
is.B.x_A64FX_32,1889,70255435,707760279,48235086,140975945,140971970
is.B.x_A64FX_32,1890,70255465,706154713,48235107,140682373,140678752
is.B.x_A64FX_32,1867,70255345,711265480,48235023,141168853,141164858
is.B.x_A64FX_32,1863,70255285,710074370,48234981,140838773,140834821
is.B.x_A64FX_32,1875,70255405,709037812,48235065,140498489,140494195
is.B.x_A64FX_32,1865,70255315,708851998,48235002,140879637,140876206
is.B.x_A64FX_32,1887,70255435,704194473,48235086,140197002,140193463
is.B.x_A64FX_32,1871,70255375,706157742,48235044,140402742,140399420
is.B.x_A64FX_32,1862,70255255,713090171,48234960,141830850,141827107
is.B.x_A64FX_32,1869,70255345,710861929,48235023,141128361,141124678
is.B.x_A64FX_32,1874,70255405,712374614,48235065,141741811,141737786
is.B.x_A64FX_32,1876,70255435,711443203,48235086,141400241,141396189
is.B.x_A64FX_32,1888,70255465,703359012,48235107,139887020,139883438
is.B.x_A64FX_32,1886,70255435,704211765,48235086,140113684,140110007
is.B.x_A64FX_32,1885,70255405,706538703,48235065,140358029,140354173
is.B.x_A64FX_32,1866,70255345,709171720,48235023,140486840,140482790
is.B.x_A64FX_32,1872,70255405,705228308,48235065,140352205,140349238
is.B.x_A64FX_32,1881,70255405,707477880,48235065,140649862,140645849
is.B.x_A64FX_32,1861,70254637,719510400,48234525,140814691,140718900
is.B.x_LARC_A,1864,70255315,714294997,48235002,141995069,141990939
is.B.x_LARC_A,1868,70255375,708991617,48235044,140636223,140632501
is.B.x_LARC_A,1892,70255495,708309513,48235128,140913182,140909124
is.B.x_LARC_A,1870,70255375,706098054,48235044,140439066,140435794
is.B.x_LARC_A,1877,70255375,708522863,48235044,140334824,140330549
is.B.x_LARC_A,1880,70255435,709471259,48235086,141379974,141376144
is.B.x_LARC_A,1883,70255435,708346998,48235086,141066187,141062519
is.B.x_LARC_A,1884,70255465,711154259,48235107,141469555,141465321
is.B.x_LARC_A,1873,70255375,708008424,48235044,140814497,140810952
is.B.x_LARC_A,1882,70255435,706776702,48235086,140369393,140365357
is.B.x_LARC_A,1879,70255405,708232048,48235065,141080834,141077115
is.B.x_LARC_A,1891,70255465,704562077,48235107,139806964,139802934
is.B.x_LARC_A,1878,70255405,710779999,48235065,141727803,141723894
is.B.x_LARC_A,1889,70255435,707760279,48235086,140975945,140971970
is.B.x_LARC_A,1890,70255465,706154713,48235107,140682373,140678752
is.B.x_LARC_A,1867,70255345,711265480,48235023,141168853,141164858
is.B.x_LARC_A,1863,70255285,710074370,48234981,140838773,140834821
is.B.x_LARC_A,1875,70255405,709037812,48235065,140498489,140494195
is.B.x_LARC_A,1865,70255315,708851998,48235002,140879637,140876206
is.B.x_LARC_A,1887,70255435,704194473,48235086,140197002,140193463
is.B.x_LARC_A,1871,70255375,706157742,48235044,140402742,140399420
is.B.x_LARC_A,1862,70255255,713090171,48234960,141830850,141827107
is.B.x_LARC_A,1869,70255345,710861929,48235023,141128361,141124678
is.B.x_LARC_A,1874,70255405,712374614,48235065,141741811,141737786
is.B.x_LARC_A,1876,70255435,711443203,48235086,141400241,141396189
is.B.x_LARC_A,1888,70255465,703359012,48235107,139887020,139883438
is.B.x_LARC_A,1886,70255435,704211765,48235086,140113684,140110007
is.B.x_LARC_A,1885,70255405,706538703,48235065,140358029,140354173
is.B.x_LARC_A,1866,70255345,709171720,48235023,140486840,140482790
is.B.x_LARC_A,1872,70255405,705228308,48235065,140352205,140349238
is.B.x_LARC_A,1881,70255405,707477880,48235065,140649862,140645849
is.B.x_LARC_A,1861,70254637,719510400,48234525,140814691,140718900
is.B.x_LARC_C,1864,70255315,714294997,48235002,141995069,141990939
is.B.x_LARC_C,1868,70255375,708991617,48235044,140636223,140632501
is.B.x_LARC_C,1892,70255495,708309513,48235128,140913182,140909124
is.B.x_LARC_C,1870,70255375,706098054,48235044,140439066,140435794
is.B.x_LARC_C,1877,70255375,708522863,48235044,140334824,140330549
is.B.x_LARC_C,1880,70255435,709471259,48235086,141379974,141376144
is.B.x_LARC_C,1883,70255435,708346998,48235086,141066187,141062519
is.B.x_LARC_C,1884,70255465,711154259,48235107,141469555,141465321
is.B.x_LARC_C,1873,70255375,708008424,48235044,140814497,140810952
is.B.x_LARC_C,1882,70255435,706776702,48235086,140369393,140365357
is.B.x_LARC_C,1879,70255405,708232048,48235065,141080834,141077115
is.B.x_LARC_C,1891,70255465,704562077,48235107,139806964,139802934
is.B.x_LARC_C,1878,70255405,710779999,48235065,141727803,141723894
is.B.x_LARC_C,1889,70255435,707760279,48235086,140975945,140971970
is.B.x_LARC_C,1890,70255465,706154713,48235107,140682373,140678752
is.B.x_LARC_C,1867,70255345,711265480,48235023,141168853,141164858
is.B.x_LARC_C,1863,70255285,710074370,48234981,140838773,140834821
is.B.x_LARC_C,1875,70255405,709037812,48235065,140498489,140494195
is.B.x_LARC_C,1865,70255315,708851998,48235002,140879637,140876206
is.B.x_LARC_C,1887,70255435,704194473,48235086,140197002,140193463
is.B.x_LARC_C,1871,70255375,706157742,48235044,140402742,140399420
is.B.x_LARC_C,1862,70255255,713090171,48234960,141830850,141827107
is.B.x_LARC_C,1869,70255345,710861929,48235023,141128361,141124678
is.B.x_LARC_C,1874,70255405,712374614,48235065,141741811,141737786
is.B.x_LARC_C,1876,70255435,711443203,48235086,141400241,141396189
is.B.x_LARC_C,1888,70255465,703359012,48235107,139887020,139883438
is.B.x_LARC_C,1886,70255435,704211765,48235086,140113684,140110007
is.B.x_LARC_C,1885,70255405,706538703,48235065,140358029,140354173
is.B.x_LARC_C,1866,70255345,709171720,48235023,140486840,140482790
is.B.x_LARC_C,1872,70255405,705228308,48235065,140352205,140349238
is.B.x_LARC_C,1881,70255405,707477880,48235065,140649862,140645849
is.B.x_LARC_C,1861,70254637,719510400,48234525,140814691,140718900
is.B.x_A64FX,1924,187346384,1859006415,128625886,371049892,371043058
is.B.x_A64FX,1929,187346714,1854772387,128626117,370469312,370462890
is.B.x_A64FX,1923,187346654,1857419109,128626075,370798039,370791433
is.B.x_A64FX,1927,187346414,1851734842,128625907,370280679,370274937
is.B.x_A64FX,1922,187346624,1857830572,128626054,370878556,370871831
is.B.x_A64FX,1931,187346774,1854453673,128626159,370380155,370373853
is.B.x_A64FX,1930,187346474,1852560759,128625949,369987642,369981551
is.B.x_A64FX,1926,187346744,1853552878,128626138,370676374,370670473
is.B.x_A64FX,1925,187346684,1855929071,128626096,370680546,370674057
is.B.x_A64FX,1932,187346506,1857299817,128625975,370679617,370672715
is.B.x_A64FX,1928,187346744,1853253878,128626138,370552681,370546694
is.B.x_A64FX,1921,187345646,1866650627,128625367,371232660,371134313
ep.B.x_A64FX_32,130,2620747290,26183349554,1070866224,903608697,283146160
ep.B.x_A64FX_32,137,2621419914,26183452742,1071119418,902901309,282281489
ep.B.x_A64FX_32,148,2621260282,26182745526,1071059556,903019604,282437654
ep.B.x_A64FX_32,149,2621136626,26179747609,1071013505,902717219,282164762
ep.B.x_A64FX_32,146,2621203450,26182757905,1071037924,903045172,282477112
ep.B.x_A64FX_32,140,2621147218,26181281446,1071016837,902949117,282394591
ep.B.x_A64FX_32,142,2621192274,26183609414,1071033733,902992191,282426860
ep.B.x_A64FX_32,133,2621075410,26179446857,1070989909,902759286,282219005
ep.B.x_A64FX_32,125,2621143922,26181709512,1071014641,903018529,282465849
ep.B.x_A64FX_32,124,2621279458,26182943612,1071065147,903021769,282437181
ep.B.x_A64FX_32,139,2621441138,26184907604,1071127057,903105812,282481036
ep.B.x_A64FX_32,144,2621284130,26183476241,1071068499,903101938,282514191
ep.B.x_A64FX_32,138,2621070058,26181656218,1070987582,902853228,282317609
ep.B.x_A64FX_32,127,2621030034,26180082657,1070972253,902926410,282400586
ep.B.x_A64FX_32,126,2620890746,26180584879,1070919700,903129880,282637360
ep.B.x_A64FX_32,131,2621416866,26184209712,1071117635,903032145,282413639
ep.B.x_A64FX_32,135,2621181978,26182300528,1071029872,903063758,282500781
ep.B.x_A64FX_32,147,2621374594,26184248831,1071102423,903099385,282490080
ep.B.x_A64FX_32,134,2621559426,26188815799,1071171095,903443128,282790062
ep.B.x_A64FX_32,150,2621094666,26184538001,1070997450,903423860,282880781
ep.B.x_A64FX_32,151,2621492938,26185243603,1071147122,903083397,282445534
ep.B.x_A64FX_32,128,2621241410,26182398962,1071051519,902989808,282413551
ep.B.x_A64FX_32,129,2621120658,26180627459,1071006557,902879631,282331916
ep.B.x_A64FX_32,132,2621605890,26186486619,1071188519,903120124,282456467
ep.B.x_A64FX_32,136,2620924578,26178055404,1070933347,902751933,282250731
ep.B.x_A64FX_32,141,2621085338,26180261384,1070993952,902874347,282334282
ep.B.x_A64FX_32,152,2620834258,26178386143,1070900117,902938629,282457897
ep.B.x_A64FX_32,143,2621118426,26175697804,1071006360,902099100,281552251
ep.B.x_A64FX_32,123,2621346530,26184107171,1071089979,903112243,282511913
ep.B.x_A64FX_32,145,2621251466,26182114900,1071056570,902934790,282354665
ep.B.x_A64FX_32,153,2621214930,26182150427,1071043189,902988047,282416170
ep.B.x_A64FX_32,122,2621216461,26195833978,1071040625,903942736,283294959
ep.B.x_LARC_A,130,2620747290,26183349554,1070866224,903608697,283146160
ep.B.x_LARC_A,137,2621419914,26183452742,1071119418,902901309,282281489
ep.B.x_LARC_A,148,2621260282,26182745526,1071059556,903019604,282437654
ep.B.x_LARC_A,149,2621136626,26179747609,1071013505,902717219,282164762
ep.B.x_LARC_A,146,2621203450,26182757905,1071037924,903045172,282477112
ep.B.x_LARC_A,140,2621147218,26181281446,1071016837,902949117,282394591
ep.B.x_LARC_A,142,2621192274,26183609414,1071033733,902992191,282426860
ep.B.x_LARC_A,133,2621075410,26179446857,1070989909,902759286,282219005
ep.B.x_LARC_A,125,2621143922,26181709512,1071014641,903018529,282465849
ep.B.x_LARC_A,124,2621279458,26182943612,1071065147,903021769,282437181
ep.B.x_LARC_A,139,2621441138,26184907604,1071127057,903105812,282481036
ep.B.x_LARC_A,144,2621284130,26183476241,1071068499,903101938,282514191
ep.B.x_LARC_A,138,2621070058,26181656218,1070987582,902853228,282317609
ep.B.x_LARC_A,127,2621030034,26180082657,1070972253,902926410,282400586
ep.B.x_LARC_A,126,2620890746,26180584879,1070919700,903129880,282637360
ep.B.x_LARC_A,131,2621416866,26184209712,1071117635,903032145,282413639
ep.B.x_LARC_A,135,2621181978,26182300528,1071029872,903063758,282500781
ep.B.x_LARC_A,147,2621374594,26184248831,1071102423,903099385,282490080
ep.B.x_LARC_A,134,2621559426,26188815799,1071171095,903443128,282790062
ep.B.x_LARC_A,150,2621094666,26184538001,1070997450,903423860,282880781
ep.B.x_LARC_A,151,2621492938,26185243603,1071147122,903083397,282445534
ep.B.x_LARC_A,128,2621241410,26182398962,1071051519,902989808,282413551
ep.B.x_LARC_A,129,2621120658,26180627459,1071006557,902879631,282331916
ep.B.x_LARC_A,132,2621605890,26186486619,1071188519,903120124,282456467
ep.B.x_LARC_A,136,2620924578,26178055404,1070933347,902751933,282250731
ep.B.x_LARC_A,141,2621085338,26180261384,1070993952,902874347,282334282
ep.B.x_LARC_A,152,2620834258,26178386143,1070900117,902938629,282457897
ep.B.x_LARC_A,143,2621118426,26175697804,1071006360,902099100,281552251
ep.B.x_LARC_A,123,2621346530,26184107171,1071089979,903112243,282511913
ep.B.x_LARC_A,145,2621251466,26182114900,1071056570,902934790,282354665
ep.B.x_LARC_A,153,2621214930,26182150427,1071043189,902988047,282416170
ep.B.x_LARC_A,122,2621216461,26195833978,1071040625,903942736,283294959
ep.B.x_LARC_C,130,2620747290,26183349554,1070866224,903608697,283146160
ep.B.x_LARC_C,137,2621419914,26183452742,1071119418,902901309,282281489
ep.B.x_LARC_C,148,2621260282,26182745526,1071059556,903019604,282437654
ep.B.x_LARC_C,149,2621136626,26179747609,1071013505,902717219,282164762
ep.B.x_LARC_C,146,2621203450,26182757905,1071037924,903045172,282477112
ep.B.x_LARC_C,140,2621147218,26181281446,1071016837,902949117,282394591
ep.B.x_LARC_C,142,2621192274,26183609414,1071033733,902992191,282426860
ep.B.x_LARC_C,133,2621075410,26179446857,1070989909,902759286,282219005
ep.B.x_LARC_C,125,2621143922,26181709512,1071014641,903018529,282465849
ep.B.x_LARC_C,124,2621279458,26182943612,1071065147,903021769,282437181
ep.B.x_LARC_C,139,2621441138,26184907604,1071127057,903105812,282481036
ep.B.x_LARC_C,144,2621284130,26183476241,1071068499,903101938,282514191
ep.B.x_LARC_C,138,2621070058,26181656218,1070987582,902853228,282317609
ep.B.x_LARC_C,127,2621030034,26180082657,1070972253,902926410,282400586
ep.B.x_LARC_C,126,2620890746,26180584879,1070919700,903129880,282637360
ep.B.x_LARC_C,131,2621416866,26184209712,1071117635,903032145,282413639
ep.B.x_LARC_C,135,2621181978,26182300528,1071029872,903063758,282500781
ep.B.x_LARC_C,147,2621374594,26184248831,1071102423,903099385,282490080
ep.B.x_LARC_C,134,2621559426,26188815799,1071171095,903443128,282790062
ep.B.x_LARC_C,150,2621094666,26184538001,1070997450,903423860,282880781
ep.B.x_LARC_C,151,2621492938,26185243603,1071147122,903083397,282445534
ep.B.x_LARC_C,128,2621241410,26182398962,1071051519,902989808,282413551
ep.B.x_LARC_C,129,2621120658,26180627459,1071006557,902879631,282331916
ep.B.x_LARC_C,132,2621605890,26186486619,1071188519,903120124,282456467
ep.B.x_LARC_C,136,2620924578,26178055404,1070933347,902751933,282250731
ep.B.x_LARC_C,141,2621085338,26180261384,1070993952,902874347,282334282
ep.B.x_LARC_C,152,2620834258,26178386143,1070900117,902938629,282457897
ep.B.x_LARC_C,143,2621118426,26175697804,1071006360,902099100,281552251
ep.B.x_LARC_C,123,2621346530,26184107171,1071089979,903112243,282511913
ep.B.x_LARC_C,145,2621251466,26182114900,1071056570,902934790,282354665
ep.B.x_LARC_C,153,2621214930,26182150427,1071043189,902988047,282416170
ep.B.x_LARC_C,122,2621216461,26195833978,1071040625,903942736,283294959
mg.B.x_A64FX_32,167,661173216,6807679248,69012340,102390158,100174254
mg.B.x_A64FX_32,168,661167756,6814838324,69011605,103057626,100834815
mg.B.x_A64FX_32,175,661165362,6804780468,69011269,101956991,99742749
mg.B.x_A64FX_32,174,661165362,6810737637,69011269,102908429,100693367
mg.B.x_A64FX_32,166,661173216,6814881114,69012340,103545372,101327945
mg.B.x_A64FX_32,189,661148814,6808902322,69009274,102648765,100435615
mg.B.x_A64FX_32,179,661165362,6813724237,69011269,103366302,101151415
mg.B.x_A64FX_32,194,661148814,6803973322,69009274,101853358,99641027
mg.B.x_A64FX_32,185,661151796,6802479904,69009610,101612951,99400580
mg.B.x_A64FX_32,177,661165362,6815737611,69011269,103682409,101467220
mg.B.x_A64FX_32,176,661165362,6813998392,69011269,102900024,100680650
mg.B.x_A64FX_32,186,661151796,6810170767,69009610,102825372,100612206
mg.B.x_A64FX_32,183,661151796,6816879415,69009610,103917257,101701912
mg.B.x_A64FX_32,181,661151796,6819798367,69009610,104379615,102163636
mg.B.x_A64FX_32,195,661148814,6810272286,69009274,102865147,100651578
mg.B.x_A64FX_32,184,661151796,6814611491,69009610,102868894,100648123
mg.B.x_A64FX_32,187,661151796,6813328934,69009610,103332272,101118293
mg.B.x_A64FX_32,182,661151796,6811529657,69009610,103043584,100830154
mg.B.x_A64FX_32,178,661165362,6812326967,69011269,103130815,100916610
mg.B.x_A64FX_32,192,661148814,6809070282,69009274,102137085,99918339
mg.B.x_A64FX_32,188,661151796,6814571233,69009610,103086227,100866982
mg.B.x_A64FX_32,191,661148814,6810096276,69009274,102831548,100618331
mg.B.x_A64FX_32,193,661148814,6812913473,69009274,103280371,101066608
mg.B.x_A64FX_32,180,661157466,6824307311,69010282,103850236,101620533
mg.B.x_A64FX_32,190,661148814,6812126512,69009274,103173511,100959268
mg.B.x_A64FX_32,170,661167756,6810229464,69011605,102816215,100601088
mg.B.x_A64FX_32,173,661165362,6810881082,69011269,102931277,100716097
mg.B.x_A64FX_32,165,661173216,6812610963,69012340,103033297,100815978
mg.B.x_A64FX_32,169,661167756,6813724669,69011605,103362696,101147049
mg.B.x_A64FX_32,172,661167756,6814239968,69011605,102820698,100597651
mg.B.x_A64FX_32,171,661167756,6808305601,69011605,102507120,100292425
mg.B.x_A64FX_32,164,661297653,6841537329,69024864,104457800,102152420
mg.B.x_LARC_A,167,661173216,6807679248,69012340,102390158,100174254
mg.B.x_LARC_A,168,661167756,6814838324,69011605,103057626,100834815
mg.B.x_LARC_A,175,661165362,6804780468,69011269,101956991,99742749
mg.B.x_LARC_A,174,661165362,6810737637,69011269,102908429,100693367
mg.B.x_LARC_A,166,661173216,6814881114,69012340,103545372,101327945
mg.B.x_LARC_A,189,661148814,6808902322,69009274,102648765,100435615
mg.B.x_LARC_A,179,661165362,6813724237,69011269,103366302,101151415
mg.B.x_LARC_A,194,661148814,6803973322,69009274,101853358,99641027
mg.B.x_LARC_A,185,661151796,6802479904,69009610,101612951,99400580
mg.B.x_LARC_A,177,661165362,6815737611,69011269,103682409,101467220
mg.B.x_LARC_A,176,661165362,6813998392,69011269,102900024,100680650
mg.B.x_LARC_A,186,661151796,6810170767,69009610,102825372,100612206
mg.B.x_LARC_A,183,661151796,6816879415,69009610,103917257,101701912
mg.B.x_LARC_A,181,661151796,6819798367,69009610,104379615,102163636
mg.B.x_LARC_A,195,661148814,6810272286,69009274,102865147,100651578
mg.B.x_LARC_A,184,661151796,6814611491,69009610,102868894,100648123
mg.B.x_LARC_A,187,661151796,6813328934,69009610,103332272,101118293
mg.B.x_LARC_A,182,661151796,6811529657,69009610,103043584,100830154
mg.B.x_LARC_A,178,661165362,6812326967,69011269,103130815,100916610
mg.B.x_LARC_A,192,661148814,6809070282,69009274,102137085,99918339
mg.B.x_LARC_A,188,661151796,6814571233,69009610,103086227,100866982
mg.B.x_LARC_A,191,661148814,6810096276,69009274,102831548,100618331
mg.B.x_LARC_A,193,661148814,6812913473,69009274,103280371,101066608
mg.B.x_LARC_A,180,661157466,6824307311,69010282,103850236,101620533
mg.B.x_LARC_A,190,661148814,6812126512,69009274,103173511,100959268
mg.B.x_LARC_A,170,661167756,6810229464,69011605,102816215,100601088
mg.B.x_LARC_A,173,661165362,6810881082,69011269,102931277,100716097
mg.B.x_LARC_A,165,661173216,6812610963,69012340,103033297,100815978
mg.B.x_LARC_A,169,661167756,6813724669,69011605,103362696,101147049
mg.B.x_LARC_A,172,661167756,6814239968,69011605,102820698,100597651
mg.B.x_LARC_A,171,661167756,6808305601,69011605,102507120,100292425
mg.B.x_LARC_A,164,661297653,6841537329,69024864,104457800,102152420
mg.B.x_LARC_C,167,661173216,6807679248,69012340,102390158,100174254
mg.B.x_LARC_C,168,661167756,6814838324,69011605,103057626,100834815
mg.B.x_LARC_C,175,661165362,6804780468,69011269,101956991,99742749
mg.B.x_LARC_C,174,661165362,6810737637,69011269,102908429,100693367
mg.B.x_LARC_C,166,661173216,6814881114,69012340,103545372,101327945
mg.B.x_LARC_C,189,661148814,6808902322,69009274,102648765,100435615
mg.B.x_LARC_C,179,661165362,6813724237,69011269,103366302,101151415
mg.B.x_LARC_C,194,661148814,6803973322,69009274,101853358,99641027
mg.B.x_LARC_C,185,661151796,6802479904,69009610,101612951,99400580
mg.B.x_LARC_C,177,661165362,6815737611,69011269,103682409,101467220
mg.B.x_LARC_C,176,661165362,6813998392,69011269,102900024,100680650
mg.B.x_LARC_C,186,661151796,6810170767,69009610,102825372,100612206
mg.B.x_LARC_C,183,661151796,6816879415,69009610,103917257,101701912
mg.B.x_LARC_C,181,661151796,6819798367,69009610,104379615,102163636
mg.B.x_LARC_C,195,661148814,6810272286,69009274,102865147,100651578
mg.B.x_LARC_C,184,661151796,6814611491,69009610,102868894,100648123
mg.B.x_LARC_C,187,661151796,6813328934,69009610,103332272,101118293
mg.B.x_LARC_C,182,661151796,6811529657,69009610,103043584,100830154
mg.B.x_LARC_C,178,661165362,6812326967,69011269,103130815,100916610
mg.B.x_LARC_C,192,661148814,6809070282,69009274,102137085,99918339
mg.B.x_LARC_C,188,661151796,6814571233,69009610,103086227,100866982
mg.B.x_LARC_C,191,661148814,6810096276,69009274,102831548,100618331
mg.B.x_LARC_C,193,661148814,6812913473,69009274,103280371,101066608
mg.B.x_LARC_C,180,661157466,6824307311,69010282,103850236,101620533
mg.B.x_LARC_C,190,661148814,6812126512,69009274,103173511,100959268
mg.B.x_LARC_C,170,661167756,6810229464,69011605,102816215,100601088
mg.B.x_LARC_C,173,661165362,6810881082,69011269,102931277,100716097
mg.B.x_LARC_C,165,661173216,6812610963,69012340,103033297,100815978
mg.B.x_LARC_C,169,661167756,6813724669,69011605,103362696,101147049
mg.B.x_LARC_C,172,661167756,6814239968,69011605,102820698,100597651
mg.B.x_LARC_C,171,661167756,6808305601,69011605,102507120,100292425
mg.B.x_LARC_C,164,661297653,6841537329,69024864,104457800,102152420
mg.B.x_A64FX,351,1762796012,18096673681,183958264,265574031,259757238
mg.B.x_A64FX,343,1763591936,18087040633,184159323,262856391,256906119
mg.B.x_A64FX,346,1762884968,18099845256,183966664,265786529,259968406
mg.B.x_A64FX,348,1762884968,18099177897,183966664,265372716,259548730
mg.B.x_A64FX,347,1762884968,18098153421,183966664,265524151,259706263
mg.B.x_A64FX,349,1762796012,18096541539,183958264,265511459,259694625
mg.B.x_A64FX,350,1762796012,18095857064,183958264,265446876,259630551
mg.B.x_A64FX,345,1762884968,18099025340,183966664,265555835,259737542
mg.B.x_A64FX,344,1762884968,18100710574,183966664,265416721,259591065
mg.B.x_A64FX,342,1763591936,18108524961,184159323,266288068,260333856
mg.B.x_A64FX,341,1763591936,18108064230,184159323,266211622,260257342
mg.B.x_A64FX,340,1763638379,18125901104,184164707,266375479,260337999
ep.B.x_A64FX,357,6993153759,69822722531,2857442466,2404798152,749183611
ep.B.x_A64FX,361,6988107612,69777055028,2855381097,2403802878,749378210
ep.B.x_A64FX,359,6993287203,69828881592,2857493795,2405595972,749946969
ep.B.x_A64FX,367,6988000440,69775752090,2855342620,2403750455,749349330
ep.B.x_A64FX,362,6988139532,69777444647,2855392227,2403826869,749395591
ep.B.x_A64FX,360,6988528217,69788518223,2855537977,2404779442,750254204
ep.B.x_A64FX,364,6988225493,69778392336,2855426158,2403844910,749391059
ep.B.x_A64FX,366,6988215291,69778009219,2855422336,2403804435,749353080
ep.B.x_A64FX,358,6992982789,69825797573,2857379626,2405535371,749958987
ep.B.x_A64FX,363,6988124519,69777267270,2855387444,2403818677,749389967
ep.B.x_A64FX,365,6988268580,69778570859,2855441470,2403819897,749356854
ep.B.x_A64FX,356,6993368732,69836794567,2857520904,2405666219,749923789
ccs_qcd_A64FX,2066,23507357568,95959444509,11835061760,1519021756,1491805678
ccs_qcd_A64FX,2067,23507357568,95959363344,11835061760,1519011513,1491795553
ccs_qcd_A64FX,2068,23507357568,95956758171,11835061760,1518592894,1491377070
ccs_qcd_A64FX,2069,23044935552,93674148330,11784730112,1467148672,1448235564
ccs_qcd_A64FX,2070,23044935552,93669637784,11784730112,1467368719,1448486100
ccs_qcd_A64FX,2071,23044935552,93662145589,11784730112,1466166906,1447284490
ccs_qcd_A64FX,2072,23044935552,93660994103,11784730112,1465982587,1447100474
ccs_qcd_A64FX,2073,23041859232,93374873093,11784305792,1470215682,1451309114
ccs_qcd_A64FX,2074,23040344736,93356774460,11784096896,1469396685,1450518099
ccs_qcd_A64FX,2075,23040344736,93359770077,11784096896,1469875713,1450996834
ccs_qcd_A64FX,2076,23040344736,93357041552,11784096896,1469436318,1450560411
ccs_qcd_A64FX,2065,25326004776,106205446367,12093473671,1865574733,1800823804
ccs_qcd_A64FX_32,1992,23950986688,97752580358,11748928256,1570769580,1529999779
ccs_qcd_A64FX_32,1993,23950986688,97748784981,11748928256,1570162435,1529392731
ccs_qcd_A64FX_32,1994,23950986688,97749030188,11748928256,1570202270,1529432603
ccs_qcd_A64FX_32,1995,22717861312,91652272657,11614710528,1433320546,1414683902
ccs_qcd_A64FX_32,1996,22717861312,91648876537,11614710528,1433607681,1414994468
ccs_qcd_A64FX_32,1997,22717861312,91641705715,11614710528,1432458303,1413845352
ccs_qcd_A64FX_32,1998,22717861312,91642990241,11614710528,1432663331,1414050171
ccs_qcd_A64FX_32,1999,22717861312,91646690825,11614710528,1432433951,1413797089
ccs_qcd_A64FX_32,2000,22717861312,91640897603,11614710528,1432330146,1413714180
ccs_qcd_A64FX_32,2001,22717861312,91640555458,11614710528,1432275860,1413660028
ccs_qcd_A64FX_32,2002,22717861312,91637722220,11614710528,1431821052,1413205207
ccs_qcd_A64FX_32,2003,22717861312,91653892378,11614710528,1433674777,1415042555
ccs_qcd_A64FX_32,2004,22717861312,91647664376,11614710528,1433416514,1414800624
ccs_qcd_A64FX_32,2005,22717861312,91645338881,11614710528,1433043302,1414427417
ccs_qcd_A64FX_32,2006,22717861312,91645366986,11614710528,1433046752,1414430626
ccs_qcd_A64FX_32,2007,22717861312,91658529247,11614710528,1433324567,1414661637
ccs_qcd_A64FX_32,2008,22717861312,91641827462,11614710528,1432480310,1413864550
ccs_qcd_A64FX_32,2009,22717861312,91640802051,11614710528,1432314433,1413698432
ccs_qcd_A64FX_32,2010,22717861312,91639206186,11614710528,1432058927,1413443015
ccs_qcd_A64FX_32,2011,22717861312,91643051496,11614710528,1431831372,1413189920
ccs_qcd_A64FX_32,2012,22717861312,91636683386,11614710528,1431655440,1413039836
ccs_qcd_A64FX_32,2013,22717861312,91633174442,11614710528,1431093516,1412478209
ccs_qcd_A64FX_32,2014,22717861312,91633184784,11614710528,1431093474,1412477776
ccs_qcd_A64FX_32,2015,22717861312,91637264166,11614710528,1431192432,1412568254
ccs_qcd_A64FX_32,2016,22717861312,91646954674,11614710528,1433301355,1414688563
ccs_qcd_A64FX_32,2017,22717861312,91646345163,11614710528,1433202098,1414588964
ccs_qcd_A64FX_32,2018,22717861312,91643755542,11614710528,1432786321,1414173168
ccs_qcd_A64FX_32,2019,22717861312,91649282735,11614710528,1432800468,1414161909
ccs_qcd_A64FX_32,2020,22717861312,91645974003,11614710528,1433143071,1414526691
ccs_qcd_A64FX_32,2021,22717861312,91638786973,11614710528,1431990043,1413377151
ccs_qcd_A64FX_32,2022,22717861312,91635350148,11614710528,1431441884,1412826389
ccs_qcd_A64FX_32,1991,28802100666,124668042027,12438176797,2493228755,2352762451
ccs_qcd_LARC_A,1992,23950986688,97752580358,11748928256,1570769580,1529999779
ccs_qcd_LARC_A,1993,23950986688,97748784981,11748928256,1570162435,1529392731
ccs_qcd_LARC_A,1994,23950986688,97749030188,11748928256,1570202270,1529432603
ccs_qcd_LARC_A,1995,22717861312,91652272657,11614710528,1433320546,1414683902
ccs_qcd_LARC_A,1996,22717861312,91648876537,11614710528,1433607681,1414994468
ccs_qcd_LARC_A,1997,22717861312,91641705715,11614710528,1432458303,1413845352
ccs_qcd_LARC_A,1998,22717861312,91642990241,11614710528,1432663331,1414050171
ccs_qcd_LARC_A,1999,22717861312,91646690825,11614710528,1432433951,1413797089
ccs_qcd_LARC_A,2000,22717861312,91640897603,11614710528,1432330146,1413714180
ccs_qcd_LARC_A,2001,22717861312,91640555458,11614710528,1432275860,1413660028
ccs_qcd_LARC_A,2002,22717861312,91637722220,11614710528,1431821052,1413205207
ccs_qcd_LARC_A,2003,22717861312,91653892378,11614710528,1433674777,1415042555
ccs_qcd_LARC_A,2004,22717861312,91647664376,11614710528,1433416514,1414800624
ccs_qcd_LARC_A,2005,22717861312,91645338881,11614710528,1433043302,1414427417
ccs_qcd_LARC_A,2006,22717861312,91645366986,11614710528,1433046752,1414430626
ccs_qcd_LARC_A,2007,22717861312,91658529247,11614710528,1433324567,1414661637
ccs_qcd_LARC_A,2008,22717861312,91641827462,11614710528,1432480310,1413864550
ccs_qcd_LARC_A,2009,22717861312,91640802051,11614710528,1432314433,1413698432
ccs_qcd_LARC_A,2010,22717861312,91639206186,11614710528,1432058927,1413443015
ccs_qcd_LARC_A,2011,22717861312,91643051496,11614710528,1431831372,1413189920
ccs_qcd_LARC_A,2012,22717861312,91636683386,11614710528,1431655440,1413039836
ccs_qcd_LARC_A,2013,22717861312,91633174442,11614710528,1431093516,1412478209
ccs_qcd_LARC_A,2014,22717861312,91633184784,11614710528,1431093474,1412477776
ccs_qcd_LARC_A,2015,22717861312,91637264166,11614710528,1431192432,1412568254
ccs_qcd_LARC_A,2016,22717861312,91646954674,11614710528,1433301355,1414688563
ccs_qcd_LARC_A,2017,22717861312,91646345163,11614710528,1433202098,1414588964
ccs_qcd_LARC_A,2018,22717861312,91643755542,11614710528,1432786321,1414173168
ccs_qcd_LARC_A,2019,22717861312,91649282735,11614710528,1432800468,1414161909
ccs_qcd_LARC_A,2020,22717861312,91645974003,11614710528,1433143071,1414526691
ccs_qcd_LARC_A,2021,22717861312,91638786973,11614710528,1431990043,1413377151
ccs_qcd_LARC_A,2022,22717861312,91635350148,11614710528,1431441884,1412826389
ccs_qcd_LARC_A,1991,28802100666,124668042027,12438176797,2493228755,2352762451
ccs_qcd_LARC_C,1992,23950986688,97752580358,11748928256,1570769580,1529999779
ccs_qcd_LARC_C,1993,23950986688,97748784981,11748928256,1570162435,1529392731
ccs_qcd_LARC_C,1994,23950986688,97749030188,11748928256,1570202270,1529432603
ccs_qcd_LARC_C,1995,22717861312,91652272657,11614710528,1433320546,1414683902
ccs_qcd_LARC_C,1996,22717861312,91648876537,11614710528,1433607681,1414994468
ccs_qcd_LARC_C,1997,22717861312,91641705715,11614710528,1432458303,1413845352
ccs_qcd_LARC_C,1998,22717861312,91642990241,11614710528,1432663331,1414050171
ccs_qcd_LARC_C,1999,22717861312,91646690825,11614710528,1432433951,1413797089
ccs_qcd_LARC_C,2000,22717861312,91640897603,11614710528,1432330146,1413714180
ccs_qcd_LARC_C,2001,22717861312,91640555458,11614710528,1432275860,1413660028
ccs_qcd_LARC_C,2002,22717861312,91637722220,11614710528,1431821052,1413205207
ccs_qcd_LARC_C,2003,22717861312,91653892378,11614710528,1433674777,1415042555
ccs_qcd_LARC_C,2004,22717861312,91647664376,11614710528,1433416514,1414800624
ccs_qcd_LARC_C,2005,22717861312,91645338881,11614710528,1433043302,1414427417
ccs_qcd_LARC_C,2006,22717861312,91645366986,11614710528,1433046752,1414430626
ccs_qcd_LARC_C,2007,22717861312,91658529247,11614710528,1433324567,1414661637
ccs_qcd_LARC_C,2008,22717861312,91641827462,11614710528,1432480310,1413864550
ccs_qcd_LARC_C,2009,22717861312,91640802051,11614710528,1432314433,1413698432
ccs_qcd_LARC_C,2010,22717861312,91639206186,11614710528,1432058927,1413443015
ccs_qcd_LARC_C,2011,22717861312,91643051496,11614710528,1431831372,1413189920
ccs_qcd_LARC_C,2012,22717861312,91636683386,11614710528,1431655440,1413039836
ccs_qcd_LARC_C,2013,22717861312,91633174442,11614710528,1431093516,1412478209
ccs_qcd_LARC_C,2014,22717861312,91633184784,11614710528,1431093474,1412477776
ccs_qcd_LARC_C,2015,22717861312,91637264166,11614710528,1431192432,1412568254
ccs_qcd_LARC_C,2016,22717861312,91646954674,11614710528,1433301355,1414688563
ccs_qcd_LARC_C,2017,22717861312,91646345163,11614710528,1433202098,1414588964
ccs_qcd_LARC_C,2018,22717861312,91643755542,11614710528,1432786321,1414173168
ccs_qcd_LARC_C,2019,22717861312,91649282735,11614710528,1432800468,1414161909
ccs_qcd_LARC_C,2020,22717861312,91645974003,11614710528,1433143071,1414526691
ccs_qcd_LARC_C,2021,22717861312,91638786973,11614710528,1431990043,1413377151
ccs_qcd_LARC_C,2022,22717861312,91635350148,11614710528,1431441884,1412826389
ccs_qcd_LARC_C,1991,28802100666,124668042027,12438176797,2493228755,2352762451
cg.B.x_A64FX,329,5621252326,64343970210,423328064,3466373545,1455168381
cg.B.x_A64FX,325,5638186734,64577777967,422897384,3459429082,1440300764
cg.B.x_A64FX,332,5614688642,64272192865,424109172,3470346485,1461403571
cg.B.x_A64FX,327,5586918575,63831150646,420341577,3441737501,1445601507
cg.B.x_A64FX,331,5641142930,64557892159,425393172,3477100290,1456749764
cg.B.x_A64FX,333,5663540920,64864206676,427748594,3498324015,1467176682
cg.B.x_A64FX,328,5619551056,64362337617,422853890,3461818564,1451044841
cg.B.x_A64FX,326,5665502896,64885200083,424970146,3474511465,1443604180
cg.B.x_A64FX,335,5639362651,64595456221,426837725,3493718561,1473475857
cg.B.x_A64FX,334,5620857826,64321773037,425360092,3481380633,1469295710
cg.B.x_A64FX,330,5630477283,64443580560,424374357,3466764187,1450980961
cg.B.x_A64FX,324,5632201396,64527441316,422127587,3452698623,1436630839
ft.B.x_A64FX,381,7908634928,44512457924,800772676,1677274773,1486627471
ft.B.x_A64FX,376,7924855088,44591374925,802394692,1677681131,1486809828
ft.B.x_A64FX,375,7939838296,44647008297,804364868,1678732201,1487103261
ft.B.x_A64FX,373,7939838296,44655312240,804364868,1680057555,1488426954
ft.B.x_A64FX,380,7908634928,44509966247,800772676,1676458880,1485812259
ft.B.x_A64FX,374,7939838296,44651287036,804364868,1679412511,1487782822
ft.B.x_A64FX,379,7924855088,44584270219,802394692,1677102171,1486232214
ft.B.x_A64FX,378,7924855088,44589186448,802394692,1677886480,1487015468
ft.B.x_A64FX,377,7924855088,44589269857,802394692,1677900892,1487029843
ft.B.x_A64FX,383,7908634928,44516105520,800772676,1677857375,1487209278
ft.B.x_A64FX,382,7908634928,44503163538,800772676,1675789843,1485144668
ft.B.x_A64FX,372,7939876284,44662687487,804372777,1679709916,1487997466
gen_A64FX_32,192,157055689237,537805393935,24323258615,38059829631,22384343366
gen_A64FX_32,188,159896811023,547841320697,24673139461,38938262866,22831248337
gen_A64FX_32,194,160629342673,558642145425,24632496773,39420627465,23200293797
gen_A64FX_32,191,159347133234,546236388937,24719740008,38684312891,22704985202
gen_A64FX_32,189,160476442110,550979238593,24869268663,39128543512,22991561830
gen_A64FX_32,193,154303740506,529600145268,23995442890,37499998607,22117601048
gen_A64FX_32,190,157984160282,542920655089,24733936537,38750949350,22940691199
gen_A64FX_32,162,166373188665,687852445529,26148763921,51867099679,33777674631
gen_A64FX_32,175,162473513111,557479341323,25164234027,39598205899,23237995572
gen_A64FX_32,179,158420473053,544084240014,24612582012,38439956421,22633403962
gen_A64FX_32,176,159105102394,545517581881,24499244150,38514174766,22690599198
gen_A64FX_32,174,163953051308,562717987255,25505915445,40133939238,23546905847
gen_A64FX_32,178,159238230430,544973907142,24467165324,38339771500,22478120967
gen_A64FX_32,180,161279381304,560320906478,24560350703,39416436811,23174421391
gen_A64FX_32,177,161823697627,552520531379,24541194099,38618784016,22454165963
gen_A64FX_32,163,167023100436,681571741561,26307647555,51742028810,33638194811
gen_A64FX_32,187,156678238465,546353539744,24457586657,38976387165,23210057012
gen_A64FX_32,185,155352509369,532608585354,24264815778,37876822513,22365893631
gen_A64FX_32,181,159185707086,545526483896,24627277253,38947193962,22792705629
gen_A64FX_32,182,157095738764,537769499205,24114184403,38106806875,22333579151
gen_A64FX_32,183,156183443795,534667471462,24029092392,37899510726,22254455277
gen_A64FX_32,184,159157300506,544338860459,24480206881,38464606021,22451342933
gen_A64FX_32,186,157369045613,538743079304,24163354323,38008963704,22145986589
gen_A64FX_32,164,163710069429,685811537027,25972320518,51703380658,33900370149
gen_A64FX_32,199,155197700012,532332755933,24223591196,37871179607,22328236560
gen_A64FX_32,196,154501818039,530357852698,24072989109,37852914542,22376332016
gen_A64FX_32,195,159131642021,544989039262,24501495597,38868159406,22675465001
gen_A64FX_32,197,156006801870,535228545083,24159932155,38044670628,22389581103
gen_A64FX_32,198,154502950375,529209625849,24050600306,37673902923,22164131748
gen_A64FX_32,200,157847072274,542810262138,24616191418,38593281167,22639401044
gen_A64FX_32,201,157260993223,548375259389,24285085295,38883090341,23022697892
gen_A64FX_32,165,160162492550,676973342700,25648058090,51201536120,33821798976
gen_LARC_C,192,157055689237,537805393935,24323258615,38059829631,22384343366
gen_LARC_C,188,159896811023,547841320697,24673139461,38938262866,22831248337
gen_LARC_C,194,160629342673,558642145425,24632496773,39420627465,23200293797
gen_LARC_C,191,159347133234,546236388937,24719740008,38684312891,22704985202
gen_LARC_C,189,160476442110,550979238593,24869268663,39128543512,22991561830
gen_LARC_C,193,154303740506,529600145268,23995442890,37499998607,22117601048
gen_LARC_C,190,157984160282,542920655089,24733936537,38750949350,22940691199
gen_LARC_C,162,166373188665,687852445529,26148763921,51867099679,33777674631
gen_LARC_C,175,162473513111,557479341323,25164234027,39598205899,23237995572
gen_LARC_C,179,158420473053,544084240014,24612582012,38439956421,22633403962
gen_LARC_C,176,159105102394,545517581881,24499244150,38514174766,22690599198
gen_LARC_C,174,163953051308,562717987255,25505915445,40133939238,23546905847
gen_LARC_C,178,159238230430,544973907142,24467165324,38339771500,22478120967
gen_LARC_C,180,161279381304,560320906478,24560350703,39416436811,23174421391
gen_LARC_C,177,161823697627,552520531379,24541194099,38618784016,22454165963
gen_LARC_C,163,167023100436,681571741561,26307647555,51742028810,33638194811
gen_LARC_C,187,156678238465,546353539744,24457586657,38976387165,23210057012
gen_LARC_C,185,155352509369,532608585354,24264815778,37876822513,22365893631
gen_LARC_C,181,159185707086,545526483896,24627277253,38947193962,22792705629
gen_LARC_C,182,157095738764,537769499205,24114184403,38106806875,22333579151
gen_LARC_C,183,156183443795,534667471462,24029092392,37899510726,22254455277
gen_LARC_C,184,159157300506,544338860459,24480206881,38464606021,22451342933
gen_LARC_C,186,157369045613,538743079304,24163354323,38008963704,22145986589
gen_LARC_C,164,163710069429,685811537027,25972320518,51703380658,33900370149
gen_LARC_C,199,155197700012,532332755933,24223591196,37871179607,22328236560
gen_LARC_C,196,154501818039,530357852698,24072989109,37852914542,22376332016
gen_LARC_C,195,159131642021,544989039262,24501495597,38868159406,22675465001
gen_LARC_C,197,156006801870,535228545083,24159932155,38044670628,22389581103
gen_LARC_C,198,154502950375,529209625849,24050600306,37673902923,22164131748
gen_LARC_C,200,157847072274,542810262138,24616191418,38593281167,22639401044
gen_LARC_C,201,157260993223,548375259389,24285085295,38883090341,23022697892
gen_LARC_C,165,160162492550,676973342700,25648058090,51201536120,33821798976
gen_LARC_A,192,157055689237,537805393935,24323258615,38059829631,22384343366
gen_LARC_A,188,159896811023,547841320697,24673139461,38938262866,22831248337
gen_LARC_A,194,160629342673,558642145425,24632496773,39420627465,23200293797
gen_LARC_A,191,159347133234,546236388937,24719740008,38684312891,22704985202
gen_LARC_A,189,160476442110,550979238593,24869268663,39128543512,22991561830
gen_LARC_A,193,154303740506,529600145268,23995442890,37499998607,22117601048
gen_LARC_A,190,157984160282,542920655089,24733936537,38750949350,22940691199
gen_LARC_A,162,166373188665,687852445529,26148763921,51867099679,33777674631
gen_LARC_A,175,162473513111,557479341323,25164234027,39598205899,23237995572
gen_LARC_A,179,158420473053,544084240014,24612582012,38439956421,22633403962
gen_LARC_A,176,159105102394,545517581881,24499244150,38514174766,22690599198
gen_LARC_A,174,163953051308,562717987255,25505915445,40133939238,23546905847
gen_LARC_A,178,159238230430,544973907142,24467165324,38339771500,22478120967
gen_LARC_A,180,161279381304,560320906478,24560350703,39416436811,23174421391
gen_LARC_A,177,161823697627,552520531379,24541194099,38618784016,22454165963
gen_LARC_A,163,167023100436,681571741561,26307647555,51742028810,33638194811
gen_LARC_A,187,156678238465,546353539744,24457586657,38976387165,23210057012
gen_LARC_A,185,155352509369,532608585354,24264815778,37876822513,22365893631
gen_LARC_A,181,159185707086,545526483896,24627277253,38947193962,22792705629
gen_LARC_A,182,157095738764,537769499205,24114184403,38106806875,22333579151
gen_LARC_A,183,156183443795,534667471462,24029092392,37899510726,22254455277
gen_LARC_A,184,159157300506,544338860459,24480206881,38464606021,22451342933
gen_LARC_A,186,157369045613,538743079304,24163354323,38008963704,22145986589
gen_LARC_A,164,163710069429,685811537027,25972320518,51703380658,33900370149
gen_LARC_A,199,155197700012,532332755933,24223591196,37871179607,22328236560
gen_LARC_A,196,154501818039,530357852698,24072989109,37852914542,22376332016
gen_LARC_A,195,159131642021,544989039262,24501495597,38868159406,22675465001
gen_LARC_A,197,156006801870,535228545083,24159932155,38044670628,22389581103
gen_LARC_A,198,154502950375,529209625849,24050600306,37673902923,22164131748
gen_LARC_A,200,157847072274,542810262138,24616191418,38593281167,22639401044
gen_LARC_A,201,157260993223,548375259389,24285085295,38883090341,23022697892
gen_LARC_A,165,160162492550,676973342700,25648058090,51201536120,33821798976
gen_A64FX,291,416888501360,1412742954387,65088257081,99877933873,57791700276
gen_A64FX,292,415556741164,1415840809565,64781815126,100200269438,58278583436
gen_A64FX,273,420535647344,1550488071111,65541190732,111967821562,68317638572
gen_A64FX,285,421808754967,1425946580955,65193162152,100260335812,57782341710
gen_A64FX,286,423166757777,1440914861166,65706894616,101551949649,58942737930
gen_A64FX,274,430826574405,1566256193523,67074594946,113724401736,68918126760
gen_A64FX,288,414811259654,1411577605563,64446905451,99784395415,57864411492
gen_A64FX,287,410457020636,1389144865144,64114407572,98464491060,56996568096
gen_A64FX,275,419003876289,1549098471993,65528019944,112136894741,68503329872
gen_A64FX,289,412220837365,1395618231880,64343898968,98821990296,57165938863
gen_A64FX,290,409091804557,1394145649237,64183707561,99230759157,57867244121
gen_A64FX,276,420010753744,1563445677853,65995705669,113178966934,69259450611
qws_A64FX_32,142,128741374890,338052451949,8673195754,3754100629,3751120066
qws_A64FX_32,145,128741374890,338052553059,8673195754,3754093593,3751113034
qws_A64FX_32,135,128741374890,338055275933,8673195754,3754211045,3751230446
qws_A64FX_32,120,128741374890,335960605441,8673195754,3616121439,3613140832
qws_A64FX_32,132,128741374890,338055273813,8673195754,3754283465,3751302874
qws_A64FX_32,141,128741374890,338052512740,8673195754,3754159621,3751179062
qws_A64FX_32,129,128741374890,338097888820,8673195754,3755325130,3752344105
qws_A64FX_32,124,128741374890,336020390175,8673195754,3617499824,3614518584
qws_A64FX_32,144,128741374890,338053748177,8673195754,3754056911,3751076325
qws_A64FX_32,117,128741374890,336329152751,8673195754,3624652611,3621668232
qws_A64FX_32,146,128741374890,338052468902,8673195754,3754067345,3751086786
qws_A64FX_32,140,128741374890,870790926213,8673195754,255759974649,255756994090
qws_A64FX_32,118,128741374890,336321187904,8673195754,3624649633,3621665343
qws_A64FX_32,126,128741374890,336014295171,8673195754,3617254241,3614273052
qws_A64FX_32,134,128741374890,338053905932,8673195754,3754278747,3751298172
qws_A64FX_32,128,128741374890,872589463420,8673195754,256208644201,256205663626
qws_A64FX_32,137,128741374890,338057247425,8673195754,3754478882,3751498275
qws_A64FX_32,127,128741374890,336032793644,8673195754,3617595559,3614614178
qws_A64FX_32,122,128741374890,337513047352,8673195754,3652167354,3649170971
qws_A64FX_32,147,123123104682,330397196646,8322053866,3665622333,3662508616
qws_A64FX_32,125,128741374890,335963789000,8673195754,3616081898,3613101259
qws_A64FX_32,119,128741374890,336262850451,8673195754,3623275908,3620292229
qws_A64FX_32,121,128741374890,336317907533,8673195754,3624527982,3621543741
qws_A64FX_32,143,128741374890,338052419696,8673195754,3754053218,3751072659
qws_A64FX_32,139,128741374890,338052229452,8673195754,3754147059,3751166496
qws_A64FX_32,131,128741374890,338052182881,8673195754,3754081292,3751100560
qws_A64FX_32,123,128741374890,335955859070,8673195754,3615912732,3612932171
qws_A64FX_32,130,128741374890,338063360846,8673195754,3754582122,3751601451
qws_A64FX_32,133,128741374890,338053990796,8673195754,3754311751,3751331167
qws_A64FX_32,136,128741374890,338052374090,8673195754,3754268594,3751288030
qws_A64FX_32,138,128741374890,338052370961,8673195754,3754057796,3751077222
qws_A64FX_32,116,717749539036,10629258390440,165149632988,311673901158,309335898276
qws_LARC_A,142,128741374890,338052451949,8673195754,3754100629,3751120066
qws_LARC_A,145,128741374890,338052553059,8673195754,3754093593,3751113034
qws_LARC_A,135,128741374890,338055275933,8673195754,3754211045,3751230446
qws_LARC_A,120,128741374890,335960605441,8673195754,3616121439,3613140832
qws_LARC_A,132,128741374890,338055273813,8673195754,3754283465,3751302874
qws_LARC_A,141,128741374890,338052512740,8673195754,3754159621,3751179062
qws_LARC_A,129,128741374890,338097888820,8673195754,3755325130,3752344105
qws_LARC_A,124,128741374890,336020390175,8673195754,3617499824,3614518584
qws_LARC_A,144,128741374890,338053748177,8673195754,3754056911,3751076325
qws_LARC_A,117,128741374890,336329152751,8673195754,3624652611,3621668232
qws_LARC_A,146,128741374890,338052468902,8673195754,3754067345,3751086786
qws_LARC_A,140,128741374890,870790926213,8673195754,255759974649,255756994090
qws_LARC_A,118,128741374890,336321187904,8673195754,3624649633,3621665343
qws_LARC_A,126,128741374890,336014295171,8673195754,3617254241,3614273052
qws_LARC_A,134,128741374890,338053905932,8673195754,3754278747,3751298172
qws_LARC_A,128,128741374890,872589463420,8673195754,256208644201,256205663626
qws_LARC_A,137,128741374890,338057247425,8673195754,3754478882,3751498275
qws_LARC_A,127,128741374890,336032793644,8673195754,3617595559,3614614178
qws_LARC_A,122,128741374890,337513047352,8673195754,3652167354,3649170971
qws_LARC_A,147,123123104682,330397196646,8322053866,3665622333,3662508616
qws_LARC_A,125,128741374890,335963789000,8673195754,3616081898,3613101259
qws_LARC_A,119,128741374890,336262850451,8673195754,3623275908,3620292229
qws_LARC_A,121,128741374890,336317907533,8673195754,3624527982,3621543741
qws_LARC_A,143,128741374890,338052419696,8673195754,3754053218,3751072659
qws_LARC_A,139,128741374890,338052229452,8673195754,3754147059,3751166496
qws_LARC_A,131,128741374890,338052182881,8673195754,3754081292,3751100560
qws_LARC_A,123,128741374890,335955859070,8673195754,3615912732,3612932171
qws_LARC_A,130,128741374890,338063360846,8673195754,3754582122,3751601451
qws_LARC_A,133,128741374890,338053990796,8673195754,3754311751,3751331167
qws_LARC_A,136,128741374890,338052374090,8673195754,3754268594,3751288030
qws_LARC_A,138,128741374890,338052370961,8673195754,3754057796,3751077222
qws_LARC_A,116,717749539036,10629258390440,165149632988,311673901158,309335898276
qws_LARC_C,142,128741374890,338052451949,8673195754,3754100629,3751120066
qws_LARC_C,145,128741374890,338052553059,8673195754,3754093593,3751113034
qws_LARC_C,135,128741374890,338055275933,8673195754,3754211045,3751230446
qws_LARC_C,120,128741374890,335960605441,8673195754,3616121439,3613140832
qws_LARC_C,132,128741374890,338055273813,8673195754,3754283465,3751302874
qws_LARC_C,141,128741374890,338052512740,8673195754,3754159621,3751179062
qws_LARC_C,129,128741374890,338097888820,8673195754,3755325130,3752344105
qws_LARC_C,124,128741374890,336020390175,8673195754,3617499824,3614518584
qws_LARC_C,144,128741374890,338053748177,8673195754,3754056911,3751076325
qws_LARC_C,117,128741374890,336329152751,8673195754,3624652611,3621668232
qws_LARC_C,146,128741374890,338052468902,8673195754,3754067345,3751086786
qws_LARC_C,140,128741374890,870790926213,8673195754,255759974649,255756994090
qws_LARC_C,118,128741374890,336321187904,8673195754,3624649633,3621665343
qws_LARC_C,126,128741374890,336014295171,8673195754,3617254241,3614273052
qws_LARC_C,134,128741374890,338053905932,8673195754,3754278747,3751298172
qws_LARC_C,128,128741374890,872589463420,8673195754,256208644201,256205663626
qws_LARC_C,137,128741374890,338057247425,8673195754,3754478882,3751498275
qws_LARC_C,127,128741374890,336032793644,8673195754,3617595559,3614614178
qws_LARC_C,122,128741374890,337513047352,8673195754,3652167354,3649170971
qws_LARC_C,147,123123104682,330397196646,8322053866,3665622333,3662508616
qws_LARC_C,125,128741374890,335963789000,8673195754,3616081898,3613101259
qws_LARC_C,119,128741374890,336262850451,8673195754,3623275908,3620292229
qws_LARC_C,121,128741374890,336317907533,8673195754,3624527982,3621543741
qws_LARC_C,143,128741374890,338052419696,8673195754,3754053218,3751072659
qws_LARC_C,139,128741374890,338052229452,8673195754,3754147059,3751166496
qws_LARC_C,131,128741374890,338052182881,8673195754,3754081292,3751100560
qws_LARC_C,123,128741374890,335955859070,8673195754,3615912732,3612932171
qws_LARC_C,130,128741374890,338063360846,8673195754,3754582122,3751601451
qws_LARC_C,133,128741374890,338053990796,8673195754,3754311751,3751331167
qws_LARC_C,136,128741374890,338052374090,8673195754,3754268594,3751288030
qws_LARC_C,138,128741374890,338052370961,8673195754,3754057796,3751077222
qws_LARC_C,116,717749539036,10629258390440,165149632988,311673901158,309335898276
qws_A64FX,118,343434734239,874970688245,23136343901,7023492715,7015638997
qws_A64FX,116,343231044511,874546570963,23123601125,7019368061,7011510502
qws_A64FX,122,343229110344,874346443254,23123429986,7015391473,7007535581
qws_A64FX,126,337679627775,866625867559,22776471017,6922960137,6914978643
qws_A64FX,117,343410044575,874565250148,23135153669,7013275464,7005426083
qws_A64FX,123,343279380735,874236745516,23126419073,7011119504,7003270721
qws_A64FX,120,343401937992,874683412268,23134584586,7016359566,7008508316
qws_A64FX,124,343316415231,874507453048,23128405193,7017693831,7009842892
qws_A64FX,119,343229110344,875405142871,23123429986,7039852331,7031985689
qws_A64FX,125,343106553087,873946963258,23115264473,7011233343,7003379443
qws_A64FX,121,343438972488,874761845782,23136570706,7018390727,7010539289
qws_A64FX,115,932430517864,11166538004097,179611949524,314767462835,312424821064
qws_smol_A64FX,473,3568894702,15673540590,238145702,259933401,259258691
qws_smol_A64FX,467,3944711662,17915946409,261634262,300269148,299490539
qws_smol_A64FX,464,3767856622,16266426587,250429190,269846357,269173255
qws_smol_A64FX,463,3767856622,16266501813,250429190,269848777,269175607
qws_smol_A64FX,466,3745749742,15857207739,249047510,264128454,263455342
qws_smol_A64FX,469,3745749742,16063786047,249199142,267415891,266742710
qws_smol_A64FX,470,3568894702,15468716093,237994070,256675726,256001027
qws_smol_A64FX,468,3944711662,17491471132,261634262,292526767,291786605
qws_smol_A64FX,471,3767856622,16344666524,250580822,271347095,270674020
qws_smol_A64FX,472,3767856622,16345504797,250580822,271362872,270689592
qws_smol_A64FX,465,3568894702,15594930377,237994070,258444861,257770135
qws_smol_A64FX,462,4875829432,38311334656,566565442,1065401312,1057815062
qws_smol_A64FX_32,437,1276962794,5580158309,84943890,102755480,102327070
qws_smol_A64FX_32,443,1343283434,5870695631,89139474,107693021,107265102
qws_smol_A64FX_32,459,1178987260,5386827587,78820640,99123066,98691905
qws_smol_A64FX_32,454,1245307900,5574553962,82940408,102418946,101988115
qws_smol_A64FX_32,441,1310123114,5753178427,87066954,105758282,105330176
qws_smol_A64FX_32,432,1878122844,8233624429,124839664,144198141,143714615
qws_smol_A64FX_32,453,1245307900,5608757306,82965680,102975140,102544517
qws_smol_A64FX_32,457,1178987260,5350520686,78795368,98606689,98175470
qws_smol_A64FX_32,429,1778641884,7828480408,118571560,137513278,137028974
qws_smol_A64FX_32,452,1278468220,7840472265,85038200,944157841,943727436
qws_smol_A64FX_32,442,1310123114,5724683461,87041682,105292794,104864659
qws_smol_A64FX_32,448,1178987260,5276463529,78744824,97486527,97055312
qws_smol_A64FX_32,438,1243802474,5468908770,82871370,100858834,100430213
qws_smol_A64FX_32,447,1237938940,5508084345,82505120,101560150,101129529
qws_smol_A64FX_32,445,1237938940,5473159892,82479848,101071525,100640847
qws_smol_A64FX_32,444,1304259580,5730930926,86650160,105397535,104967449
qws_smol_A64FX_32,446,1271099260,5619077956,84577640,103489139,103058734
qws_smol_A64FX_32,433,1878122844,8267550591,124864936,144829401,144345935
qws_smol_A64FX_32,458,1212147580,5496902124,80893160,101069711,100638764
qws_smol_A64FX_32,451,1245307900,5568649784,82940408,102368861,101938171
qws_smol_A64FX_32,440,1343283434,9635930100,89139474,906022691,905417418
qws_smol_A64FX_32,435,1778641884,7932092573,118647376,139068023,138583728
qws_smol_A64FX_32,450,1178987260,5310833186,78770096,98053697,97622534
qws_smol_A64FX_32,431,1878122844,8267033016,124864936,144807778,144324292
qws_smol_A64FX_32,449,1212147580,5423459205,80842616,99966483,99535535
qws_smol_A64FX_32,436,1243802474,5434105950,82846098,100315429,99886745
qws_smol_A64FX_32,430,1878122844,8233347264,124839664,144294029,143810497
qws_smol_A64FX_32,434,1778641884,7897598075,118622104,138575217,138090881
qws_smol_A64FX_32,439,1310123114,5726333769,87041682,105185287,104757152
qws_smol_A64FX_32,455,1278468220,5720611267,85038200,104838904,104408499
qws_smol_A64FX_32,456,1245307900,5608157324,82965680,102974782,102544155
qws_smol_A64FX_32,428,3085686654,30979058778,447379343,1015870282,1008365126
qws_smol_LARC_C,437,1276962794,5580158309,84943890,102755480,102327070
qws_smol_LARC_C,443,1343283434,5870695631,89139474,107693021,107265102
qws_smol_LARC_C,459,1178987260,5386827587,78820640,99123066,98691905
qws_smol_LARC_C,454,1245307900,5574553962,82940408,102418946,101988115
qws_smol_LARC_C,441,1310123114,5753178427,87066954,105758282,105330176
qws_smol_LARC_C,432,1878122844,8233624429,124839664,144198141,143714615
qws_smol_LARC_C,453,1245307900,5608757306,82965680,102975140,102544517
qws_smol_LARC_C,457,1178987260,5350520686,78795368,98606689,98175470
qws_smol_LARC_C,429,1778641884,7828480408,118571560,137513278,137028974
qws_smol_LARC_C,452,1278468220,7840472265,85038200,944157841,943727436
qws_smol_LARC_C,442,1310123114,5724683461,87041682,105292794,104864659
qws_smol_LARC_C,448,1178987260,5276463529,78744824,97486527,97055312
qws_smol_LARC_C,438,1243802474,5468908770,82871370,100858834,100430213
qws_smol_LARC_C,447,1237938940,5508084345,82505120,101560150,101129529
qws_smol_LARC_C,445,1237938940,5473159892,82479848,101071525,100640847
qws_smol_LARC_C,444,1304259580,5730930926,86650160,105397535,104967449
qws_smol_LARC_C,446,1271099260,5619077956,84577640,103489139,103058734
qws_smol_LARC_C,433,1878122844,8267550591,124864936,144829401,144345935
qws_smol_LARC_C,458,1212147580,5496902124,80893160,101069711,100638764
qws_smol_LARC_C,451,1245307900,5568649784,82940408,102368861,101938171
qws_smol_LARC_C,440,1343283434,9635930100,89139474,906022691,905417418
qws_smol_LARC_C,435,1778641884,7932092573,118647376,139068023,138583728
qws_smol_LARC_C,450,1178987260,5310833186,78770096,98053697,97622534
qws_smol_LARC_C,431,1878122844,8267033016,124864936,144807778,144324292
qws_smol_LARC_C,449,1212147580,5423459205,80842616,99966483,99535535
qws_smol_LARC_C,436,1243802474,5434105950,82846098,100315429,99886745
qws_smol_LARC_C,430,1878122844,8233347264,124839664,144294029,143810497
qws_smol_LARC_C,434,1778641884,7897598075,118622104,138575217,138090881
qws_smol_LARC_C,439,1310123114,5726333769,87041682,105185287,104757152
qws_smol_LARC_C,455,1278468220,5720611267,85038200,104838904,104408499
qws_smol_LARC_C,456,1245307900,5608157324,82965680,102974782,102544155
qws_smol_LARC_C,428,3085686654,30979058778,447379343,1015870282,1008365126
qws_smol_LARC_A,437,1276962794,5580158309,84943890,102755480,102327070
qws_smol_LARC_A,443,1343283434,5870695631,89139474,107693021,107265102
qws_smol_LARC_A,459,1178987260,5386827587,78820640,99123066,98691905
qws_smol_LARC_A,454,1245307900,5574553962,82940408,102418946,101988115
qws_smol_LARC_A,441,1310123114,5753178427,87066954,105758282,105330176
qws_smol_LARC_A,432,1878122844,8233624429,124839664,144198141,143714615
qws_smol_LARC_A,453,1245307900,5608757306,82965680,102975140,102544517
qws_smol_LARC_A,457,1178987260,5350520686,78795368,98606689,98175470
qws_smol_LARC_A,429,1778641884,7828480408,118571560,137513278,137028974
qws_smol_LARC_A,452,1278468220,7840472265,85038200,944157841,943727436
qws_smol_LARC_A,442,1310123114,5724683461,87041682,105292794,104864659
qws_smol_LARC_A,448,1178987260,5276463529,78744824,97486527,97055312
qws_smol_LARC_A,438,1243802474,5468908770,82871370,100858834,100430213
qws_smol_LARC_A,447,1237938940,5508084345,82505120,101560150,101129529
qws_smol_LARC_A,445,1237938940,5473159892,82479848,101071525,100640847
qws_smol_LARC_A,444,1304259580,5730930926,86650160,105397535,104967449
qws_smol_LARC_A,446,1271099260,5619077956,84577640,103489139,103058734
qws_smol_LARC_A,433,1878122844,8267550591,124864936,144829401,144345935
qws_smol_LARC_A,458,1212147580,5496902124,80893160,101069711,100638764
qws_smol_LARC_A,451,1245307900,5568649784,82940408,102368861,101938171
qws_smol_LARC_A,440,1343283434,9635930100,89139474,906022691,905417418
qws_smol_LARC_A,435,1778641884,7932092573,118647376,139068023,138583728
qws_smol_LARC_A,450,1178987260,5310833186,78770096,98053697,97622534
qws_smol_LARC_A,431,1878122844,8267033016,124864936,144807778,144324292
qws_smol_LARC_A,449,1212147580,5423459205,80842616,99966483,99535535
qws_smol_LARC_A,436,1243802474,5434105950,82846098,100315429,99886745
qws_smol_LARC_A,430,1878122844,8233347264,124839664,144294029,143810497
qws_smol_LARC_A,434,1778641884,7897598075,118622104,138575217,138090881
qws_smol_LARC_A,439,1310123114,5726333769,87041682,105185287,104757152
qws_smol_LARC_A,455,1278468220,5720611267,85038200,104838904,104408499
qws_smol_LARC_A,456,1245307900,5608157324,82965680,102974782,102544155
qws_smol_LARC_A,428,3085686654,30979058778,447379343,1015870282,1008365126
